arm,pid,metric,n_logged_steps,mean,population_std,min,max,step1,step150,last50_mean
target_teachertopk,731889,actor/grad_norm,150,4.76068,6.32730911243213,2.12,43.118,43.118,2.447,2.8915800000000003
target_teachertopk,731889,actor/lr,150,0.0,0.0,0.0,0.0,0.0,0.0,0.0
target_teachertopk,731889,actor/pg_clipfrac,150,0.0,0.0,0.0,0.0,0.0,0.0,0.0
target_teachertopk,731889,actor/pg_clipfrac/alfworld,150,0.0,0.0,0.0,0.0,0.0,0.0,0.0
target_teachertopk,731889,actor/pg_clipfrac/search,150,0.0,0.0,0.0,0.0,0.0,0.0,0.0
target_teachertopk,731889,actor/pg_clipfrac/webshop,150,0.0,0.0,0.0,0.0,0.0,0.0,0.0
target_teachertopk,731889,actor/pg_clipfrac_lower,150,0.0,0.0,0.0,0.0,0.0,0.0,0.0
target_teachertopk,731889,actor/pg_clipfrac_lower/alfworld,150,0.0,0.0,0.0,0.0,0.0,0.0,0.0
target_teachertopk,731889,actor/pg_clipfrac_lower/search,150,0.0,0.0,0.0,0.0,0.0,0.0,0.0
target_teachertopk,731889,actor/pg_clipfrac_lower/webshop,150,0.0,0.0,0.0,0.0,0.0,0.0,0.0
target_teachertopk,731889,actor/pg_loss,150,0.0,0.0,0.0,0.0,0.0,0.0,0.0
target_teachertopk,731889,actor/pg_loss/alfworld,150,0.0,0.0,0.0,0.0,0.0,0.0,0.0
target_teachertopk,731889,actor/pg_loss/search,150,0.0,0.0,0.0,0.0,0.0,0.0,0.0
target_teachertopk,731889,actor/pg_loss/webshop,150,0.0,0.0,0.0,0.0,0.0,0.0,0.0
target_teachertopk,731889,actor/ppo_kl,150,0.0,0.0,0.0,0.0,0.0,0.0,0.0
target_teachertopk,731889,actor/ppo_kl/alfworld,150,0.0,0.0,0.0,0.0,0.0,0.0,0.0
target_teachertopk,731889,actor/ppo_kl/search,150,0.0,0.0,0.0,0.0,0.0,0.0,0.0
target_teachertopk,731889,actor/ppo_kl/webshop,150,0.0,0.0,0.0,0.0,0.0,0.0,0.0
target_teachertopk,731889,actor/teacher_kl_coef,150,1.0,0.0,1.0,1.0,1.0,1.0,1.0
target_teachertopk,731889,actor/teacher_kl_loss,150,0.05590666666666666,0.12431220624790722,0.007,0.651,0.638,0.007,0.0084
target_teachertopk,731889,actor/teacher_kl_loss/alfworld,150,0.06309333333333333,0.1418682650285899,0.006,0.744,0.717,0.006,0.00722
target_teachertopk,731889,actor/teacher_kl_loss/search,150,0.06862666666666667,0.17372213624700286,0.015,1.131,0.981,0.028,0.02428
target_teachertopk,731889,actor/teacher_kl_loss/webshop,150,0.026539999999999998,0.04974717814442678,0.006,0.274,0.272,0.007,0.00756
target_teachertopk,731889,actor/teacher_kl_loss_weighted,150,0.053086666666666664,0.1194675373852198,0.011,0.69,0.582,0.012,0.013739999999999999
target_teachertopk,731889,episode/alfworld_look_at_obj_in_light_success_rate,100,0.75916,0.28959771131692325,0.0,1.0,0.0,,0.8486470588235294
target_teachertopk,731889,episode/alfworld_pick_and_place_success_rate,148,0.7402094594594595,0.2594872608803123,0.0,1.0,0.025,0.896,0.7974800000000001
target_teachertopk,731889,episode/alfworld_pick_clean_then_place_in_recep_success_rate,143,0.7268881118881119,0.2891306261010443,0.0,1.0,0.125,1.0,0.8071458333333333
target_teachertopk,731889,episode/alfworld_pick_cool_then_place_in_recep_success_rate,146,0.6485479452054794,0.3198357258607514,0.0,1.0,,0.0,0.7007959183673469
target_teachertopk,731889,episode/alfworld_pick_heat_then_place_in_recep_success_rate,124,0.7380645161290322,0.299840515186568,0.0,1.0,,1.0,0.765093023255814
target_teachertopk,731889,episode/alfworld_pick_two_obj_and_place_success_rate,147,0.3889455782312925,0.24887837595472798,0.0,1.0,0.071,0.25,0.4145833333333333
target_teachertopk,731889,episode/alfworld_success_rate,150,0.6485133333333334,0.17299694550932265,0.042,0.925,0.058,0.642,0.6965
target_teachertopk,731889,episode/response_tokens/max,150,15038.34,2601.8233192128937,7589.0,24859.0,8693.0,16177.0,15144.78
target_teachertopk,731889,episode/response_tokens/max/alfworld,150,15038.34,2601.8233192128937,7589.0,24859.0,8693.0,16177.0,15144.78
target_teachertopk,731889,episode/response_tokens/max/search,150,909.4333333333333,161.78365869958012,487.0,1347.0,506.0,1205.0,919.82
target_teachertopk,731889,episode/response_tokens/max/webshop,150,4550.106666666667,433.04183241601754,3460.0,5943.0,4469.0,4884.0,4504.82
target_teachertopk,731889,episode/response_tokens/mean,150,2690.4940533333333,622.0727757635307,1524.711,6656.747,2742.697,2796.031,2557.35394
target_teachertopk,731889,episode/response_tokens/mean/alfworld,150,5952.033179999999,1814.2606082288805,2771.075,17721.175,6175.475,6111.892,5572.38388
target_teachertopk,731889,episode/response_tokens/mean/search,150,318.99344,44.66534163718442,148.775,418.95,152.3,378.667,326.4938
target_teachertopk,731889,episode/response_tokens/mean/webshop,150,1800.4556000000002,214.04101444520705,1378.7,2498.45,1900.317,1897.533,1773.18418
target_teachertopk,731889,episode/response_tokens/min,150,117.82666666666667,24.156640678887637,27.0,177.0,39.0,135.0,119.22
target_teachertopk,731889,episode/response_tokens/min/alfworld,150,461.02,177.23583046325592,245.0,2159.0,533.0,377.0,438.4
target_teachertopk,731889,episode/response_tokens/min/search,150,117.82666666666667,24.156640678887637,27.0,177.0,39.0,135.0,119.22
target_teachertopk,731889,episode/response_tokens/min/webshop,150,625.4,155.41775960294885,327.0,894.0,492.0,889.0,645.46
target_teachertopk,731889,episode/reward/mean,150,4.21724,1.0981445119230286,0.289,6.15,0.444,3.847,4.54664
target_teachertopk,731889,episode/reward/mean/alfworld,150,6.4855133333333335,1.7300070201655895,0.417,9.25,0.583,6.417,6.965
target_teachertopk,731889,episode/reward/mean/search,150,0.3918333333333333,0.1057898808435329,0.167,0.65,0.333,0.375,0.40996000000000005
target_teachertopk,731889,episode/reward/mean/webshop,150,5.77444,1.8443614232935293,0.083,9.167,0.417,4.75,6.265
target_teachertopk,731889,episode/search_hotpotqa_success_rate,150,0.40780666666666665,0.15691983926691855,0.036,0.812,0.25,0.4,0.42264
target_teachertopk,731889,episode/search_nq_success_rate,150,0.36774666666666667,0.16790343203427643,0.0,0.75,0.389,0.362,0.40526
target_teachertopk,731889,episode/search_success_rate,150,0.3918333333333333,0.1057898808435329,0.167,0.65,0.333,0.375,0.40996000000000005
target_teachertopk,731889,episode/success_rate,150,0.5392399999999999,0.12188987816877987,0.114,0.775,0.144,0.497,0.57764
target_teachertopk,731889,episode/webshop_success_rate,150,0.57744,0.184424563801391,0.008,0.917,0.042,0.475,0.6265
target_teachertopk,731889,episode/webshop_webshop_task_score (not success_rate),150,0.7617466666666667,0.11252834823081495,0.383,0.953,0.383,0.736,0.7905
target_teachertopk,731889,global_seqlen/balanced_max,150,1928840.9733333334,286590.4488593423,1402305.0,3002808.0,2410445.0,1901917.0,1852996.62
target_teachertopk,731889,global_seqlen/balanced_min,150,1928840.5666666667,286590.4595693866,1402305.0,3002808.0,2410445.0,1901917.0,1852996.28
target_teachertopk,731889,global_seqlen/max,150,1986595.3466666667,304365.1450313803,1411426.0,3194419.0,2477407.0,1938826.0,1906640.32
target_teachertopk,731889,global_seqlen/mean,150,1928840.77,286590.4542142593,1402305.0,3002808.0,2410445.0,1901917.0,1852996.45
target_teachertopk,731889,global_seqlen/min,150,1871086.1933333334,276300.55146787036,1376521.0,2811197.0,2343483.0,1865008.0,1799352.58
target_teachertopk,731889,global_seqlen/minmax_diff,150,115509.15333333334,97076.87013858222,1271.0,562081.0,133924.0,73818.0,107287.74
target_teachertopk,731889,opd/score/max,150,10.0,0.0,10.0,10.0,10.0,10.0,10.0
target_teachertopk,731889,opd/score/max/alfworld,150,10.0,0.0,10.0,10.0,10.0,10.0,10.0
target_teachertopk,731889,opd/score/max/search,150,1.0,0.0,1.0,1.0,1.0,1.0,1.0
target_teachertopk,731889,opd/score/max/webshop,150,10.0,0.0,10.0,10.0,10.0,10.0,10.0
target_teachertopk,731889,opd/score/mean,150,3.945186666666667,1.2612176729212483,0.227,7.181,0.35,3.293,4.2469600000000005
target_teachertopk,731889,opd/score/mean/alfworld,150,3.966946666666667,1.4387224832545789,0.241,7.799,0.346,3.274,4.24984
target_teachertopk,731889,opd/score/mean/search,150,0.36944,0.10369342505675083,0.138,0.634,0.338,0.304,0.38578
target_teachertopk,731889,opd/score/mean/webshop,150,5.138586666666667,1.749587997926623,0.067,8.779,0.377,4.306,5.582380000000001
target_teachertopk,731889,opd/score/min,150,0.0,0.0,0.0,0.0,0.0,0.0,0.0
target_teachertopk,731889,opd/score/min/alfworld,150,0.0,0.0,0.0,0.0,0.0,0.0,0.0
target_teachertopk,731889,opd/score/min/search,150,0.0,0.0,0.0,0.0,0.0,0.0,0.0
target_teachertopk,731889,opd/score/min/webshop,150,0.0,0.0,0.0,0.0,0.0,0.0,0.0
target_teachertopk,731889,perf/cpu_memory_used_gb,150,191.77704,5.583848272628236,173.352,199.917,173.352,199.917,197.35892
target_teachertopk,731889,perf/max_memory_allocated_gb,150,114.36658000000001,3.3122996870653667,102.869,115.8,102.869,115.8,115.8
target_teachertopk,731889,perf/max_memory_reserved_gb,150,145.11577333333332,0.9777505895108867,133.424,145.248,133.424,145.248,145.248
target_teachertopk,731889,perf/mfu/actor,150,0.2762066666666667,0.005196533032277911,0.257,0.29,0.259,0.276,0.27652
target_teachertopk,731889,perf/throughput,150,3114.58922,135.72900283898403,2488.707,3431.979,3009.821,3005.972,3095.6430800000003
target_teachertopk,731889,perf/throughput/alfworld,150,1895.1138466666666,209.37796411452462,1380.315,2447.656,2060.226,1782.085,1853.16576
target_teachertopk,731889,perf/throughput/search,150,181.59084000000001,30.83814895635599,77.628,273.357,77.628,210.422,188.70754
target_teachertopk,731889,perf/time_per_step,150,617.8295066666667,75.67083058517302,463.315,913.849,800.86,632.713,597.63994
target_teachertopk,731889,perf/total_num_tokens,150,3857681.54,573180.9084285186,2804610.0,6005616.0,4820890.0,3803834.0,3705992.9
target_teachertopk,731889,perf/total_num_tokens/alfworld,150,2365113.24,522317.91086700803,1420429.0,4406849.0,3299905.0,2255096.0,2228817.2
target_teachertopk,731889,perf/total_num_tokens/search,150,221286.64666666667,29332.794920847362,124338.0,293159.0,124338.0,266274.0,224261.6
target_teachertopk,731889,perf/total_num_tokens/webshop,150,1271281.6533333333,131988.35685604933,1004901.0,1691095.0,1396647.0,1282464.0,1252914.1
target_teachertopk,731889,prompt_length/clip_ratio,150,0.0,0.0,0.0,0.0,0.0,0.0,0.0
target_teachertopk,731889,prompt_length/clip_ratio/alfworld,150,0.0,0.0,0.0,0.0,0.0,0.0,0.0
target_teachertopk,731889,prompt_length/clip_ratio/search,150,0.0,0.0,0.0,0.0,0.0,0.0,0.0
target_teachertopk,731889,prompt_length/clip_ratio/webshop,150,0.0,0.0,0.0,0.0,0.0,0.0,0.0
target_teachertopk,731889,prompt_length/max,150,2472.0533333333333,231.51255651092063,2184.0,3385.0,2593.0,2547.0,2480.9
target_teachertopk,731889,prompt_length/max/alfworld,150,1074.74,96.4756570332641,787.0,1338.0,1072.0,1085.0,1070.32
target_teachertopk,731889,prompt_length/max/search,150,2035.0066666666667,214.26583167229958,1415.0,2994.0,2027.0,2547.0,2006.02
target_teachertopk,731889,prompt_length/max/webshop,150,2459.9866666666667,224.60038547508228,2184.0,3385.0,2593.0,2301.0,2469.9
target_teachertopk,731889,prompt_length/mean,150,638.8004933333333,39.08259789091929,530.614,740.35,539.932,624.389,645.12822
target_teachertopk,731889,prompt_length/mean/alfworld,150,496.2470533333334,34.35252345583687,416.097,575.791,436.142,475.819,500.3046
target_teachertopk,731889,prompt_length/mean/search,150,627.23916,50.5851653998917,471.387,738.252,471.387,714.673,631.04614
target_teachertopk,731889,prompt_length/mean/webshop,150,1146.0070133333334,57.89100027165843,1024.571,1320.401,1159.334,1084.029,1135.0160799999999
target_teachertopk,731889,prompt_length/min,150,164.25333333333333,0.5795017016560194,162.0,167.0,164.0,164.0,164.2
target_teachertopk,731889,prompt_length/min/alfworld,150,275.3,25.271789278429285,238.0,347.0,268.0,267.0,279.02
target_teachertopk,731889,prompt_length/min/search,150,164.25333333333333,0.5795017016560194,162.0,167.0,164.0,164.0,164.2
target_teachertopk,731889,prompt_length/min/webshop,150,180.09333333333333,4.861202411841013,172.0,190.0,185.0,184.0,179.88
target_teachertopk,731889,response_length/clip_ratio,150,0.12602666666666668,0.07419127951151372,0.008,0.561,0.01,0.136,0.11704
target_teachertopk,731889,response_length/clip_ratio/alfworld,150,0.16612666666666667,0.09762904599668186,0.0,0.691,0.0,0.186,0.156
target_teachertopk,731889,response_length/clip_ratio/search,150,0.00042666666666666667,0.0013581687016796633,0.0,0.009,0.0,0.0,0.0005
target_teachertopk,731889,response_length/clip_ratio/webshop,150,0.0252,0.015830350596243912,0.004,0.097,0.067,0.015,0.02062
target_teachertopk,731889,response_length/max,150,512.0,0.0,512.0,512.0,512.0,512.0,512.0
target_teachertopk,731889,response_length/max/alfworld,150,511.7866666666667,2.60406519802319,480.0,512.0,512.0,512.0,512.0
target_teachertopk,731889,response_length/max/search,150,418.82666666666665,57.483069584781994,254.0,512.0,376.0,484.0,417.16
target_teachertopk,731889,response_length/max/webshop,150,512.0,0.0,512.0,512.0,512.0,512.0,512.0
target_teachertopk,731889,response_length/mean,150,213.23183333333336,31.897171427033395,133.246,372.116,139.066,224.681,212.08488
target_teachertopk,731889,response_length/mean/alfworld,150,214.60180666666668,41.4171315439552,116.354,409.975,126.309,229.339,213.08694
target_teachertopk,731889,response_length/mean/search,150,131.29436666666666,13.404429197056057,67.625,159.45,81.227,147.055,133.88338
target_teachertopk,731889,response_length/mean/webshop,150,234.17659999999998,9.64229610829288,217.4,265.774,226.228,234.023,231.8073
target_teachertopk,731889,response_length/min,150,13.446666666666667,5.036581733234908,1.0,19.0,1.0,15.0,11.24
target_teachertopk,731889,response_length/min/alfworld,150,68.28666666666666,15.315933605961545,1.0,82.0,1.0,76.0,73.52
target_teachertopk,731889,response_length/min/search,150,14.92,2.8178478785531818,1.0,19.0,1.0,15.0,15.4
target_teachertopk,731889,response_length/min/webshop,150,59.71333333333333,28.41392538097395,1.0,115.0,1.0,48.0,46.64
target_teachertopk,731889,sign_weight/abs_delta_mean/alfworld,150,7.392586666666666,0.5397761287381608,5.879,8.851,8.744,7.573,7.291119999999999
target_teachertopk,731889,sign_weight/abs_delta_mean/search,150,1.94626,0.08427213299780659,1.387,2.091,1.811,1.972,1.9762600000000001
target_teachertopk,731889,sign_weight/abs_delta_mean/webshop,150,5.462713333333333,0.21842677908677366,4.842,6.177,5.973,5.414,5.42198
target_teachertopk,731889,sign_weight/agree_rate/alfworld__on__search,150,0.49387333333333333,0.01918586169263422,0.453,0.563,0.551,0.473,0.48951999999999996
target_teachertopk,731889,sign_weight/agree_rate/alfworld__on__webshop,150,0.6763533333333334,0.018595388914698405,0.64,0.74,0.719,0.678,0.6715399999999999
target_teachertopk,731889,sign_weight/agree_rate/search__on__alfworld,150,0.38508,0.029495879938278388,0.329,0.49,0.44,0.365,0.37552
target_teachertopk,731889,sign_weight/agree_rate/search__on__webshop,150,0.33991333333333335,0.011948744238993848,0.304,0.369,0.33,0.346,0.34600000000000003
target_teachertopk,731889,sign_weight/agree_rate/webshop__on__alfworld,150,0.7719533333333334,0.039595005857922146,0.638,0.853,0.814,0.797,0.7712399999999999
target_teachertopk,731889,sign_weight/agree_rate/webshop__on__search,150,0.37520000000000003,0.024369379693924647,0.346,0.513,0.513,0.35,0.36828000000000005
target_teachertopk,731889,sign_weight/alfworld/frac_agree_neg,150,0.03579333333333333,0.006159325359882273,0.021,0.052,0.025,0.036,0.03756
target_teachertopk,731889,sign_weight/alfworld/frac_agree_pos,150,0.20428666666666667,0.025405074733647653,0.164,0.297,0.283,0.201,0.1946
target_teachertopk,731889,sign_weight/alfworld/frac_conflict_on_neg,150,0.07577333333333333,0.017542005459911234,0.041,0.135,0.051,0.066,0.07742
target_teachertopk,731889,sign_weight/alfworld/frac_conflict_on_pos,150,0.022793333333333332,0.002248841677150459,0.016,0.029,0.027,0.025,0.02246
target_teachertopk,731889,sign_weight/alfworld/frac_neutral_off_task_silent,150,0.05483333333333333,0.0012723556455994886,0.051,0.062,0.056,0.056,0.05484
target_teachertopk,731889,sign_weight/alfworld/frac_neutral_off_task_split,150,0.56734,0.025455537707933,0.486,0.621,0.519,0.578,0.57434
target_teachertopk,731889,sign_weight/alfworld/frac_neutral_on_task_silent,150,0.0392,0.0014966629547095772,0.036,0.045,0.037,0.039,0.03884
target_teachertopk,731889,sign_weight/alfworld/inv_z,150,0.9849866666666666,0.0019043342377032702,0.979,0.993,0.981,0.986,0.9849800000000001
target_teachertopk,731889,sign_weight/alfworld/mass_frac_agree_neg,150,0.02098,0.002662004257447134,0.012,0.026,0.024,0.022,0.021640000000000003
target_teachertopk,731889,sign_weight/alfworld/mass_frac_agree_pos,150,0.06947333333333333,0.006054966739976546,0.036,0.087,0.083,0.068,0.07038
target_teachertopk,731889,sign_weight/alfworld/mass_frac_conflict_on_neg,150,0.00284,0.000417612260356422,0.001,0.004,0.003,0.003,0.0029
target_teachertopk,731889,sign_weight/alfworld/mass_frac_conflict_on_pos,150,0.027253333333333334,0.0032826547522123344,0.013,0.039,0.03,0.026,0.02674
target_teachertopk,731889,sign_weight/alfworld/mass_frac_neutral_off_task_silent,150,0.12051333333333335,0.01330049456056261,0.078,0.147,0.128,0.126,0.12476000000000001
target_teachertopk,731889,sign_weight/alfworld/mass_frac_neutral_off_task_split,150,0.12883333333333333,0.011254875486748942,0.069,0.149,0.123,0.13,0.13278
target_teachertopk,731889,sign_weight/alfworld/mass_frac_neutral_on_task_silent,150,0.6301533333333333,0.03068913741954238,0.578,0.791,0.609,0.625,0.62066
target_teachertopk,731889,sign_weight/alfworld/n_candidates,150,7173718.266666667,2166874.8385709,3421100.0,21215880.0,7398380.0,7567600.0,6727198.8
target_teachertopk,731889,sign_weight/alfworld/n_tokens,150,358685.91333333333,108343.74192854499,171055.0,1060794.0,369919.0,378380.0,336359.94
target_teachertopk,731889,sign_weight/alfworld/target_entropy_delta,150,0.004586666666666667,0.0009604628513841068,0.002,0.007,0.007,0.005,0.0046
target_teachertopk,731889,sign_weight/alfworld/target_kl,150,0.005653333333333333,0.0007658256256413002,0.003,0.007,0.007,0.006,0.00582
target_teachertopk,731889,sign_weight/alfworld/target_kl_ratio,150,0.4715666666666667,0.26333062656836725,0.01,0.884,0.01,0.869,0.7325400000000001
target_teachertopk,731889,sign_weight/alfworld/target_tv,150,0.014913333333333334,0.0018901028778584752,0.009,0.02,0.019,0.016,0.015260000000000001
target_teachertopk,731889,sign_weight/alfworld/teacher_coverage,150,0.9938600000000001,0.0019114741257294956,0.99,0.999,0.997,0.993,0.99308
target_teachertopk,731889,sign_weight/alfworld/teacher_kl,150,0.06047333333333333,0.13591780342872264,0.007,0.711,0.689,0.007,0.00792
target_teachertopk,731889,sign_weight/deadzone_frac/alfworld,150,0.04218666666666667,0.0013385896392181652,0.039,0.046,0.041,0.041,0.04194
target_teachertopk,731889,sign_weight/deadzone_frac/search,150,0.07199333333333333,0.0022523962548559,0.069,0.09,0.075,0.071,0.07122
target_teachertopk,731889,sign_weight/deadzone_frac/webshop,150,0.04648666666666667,0.00084645666687013,0.044,0.049,0.045,0.047,0.04644
target_teachertopk,731889,sign_weight/frac_agree_neg,150,0.0444,0.006848844184726841,0.027,0.063,0.03,0.045,0.046239999999999996
target_teachertopk,731889,sign_weight/frac_agree_pos,150,0.19297999999999998,0.020840815722998944,0.158,0.282,0.261,0.19,0.18584
target_teachertopk,731889,sign_weight/frac_conflict_on_neg,150,0.0738,0.013023568379416347,0.045,0.11,0.047,0.07,0.0758
target_teachertopk,731889,sign_weight/frac_conflict_on_pos,150,0.061606666666666664,0.007331117847155978,0.04,0.084,0.06,0.059,0.06262000000000001
target_teachertopk,731889,sign_weight/frac_neutral_off_task_silent,150,0.05318666666666667,0.0010417079991799799,0.051,0.06,0.055,0.054,0.053200000000000004
target_teachertopk,731889,sign_weight/frac_neutral_off_task_split,150,0.5314800000000001,0.02088148142892805,0.479,0.578,0.506,0.54,0.534
target_teachertopk,731889,sign_weight/frac_neutral_on_task_silent,150,0.042513333333333334,0.0013795490406489908,0.04,0.046,0.04,0.042,0.042359999999999995
target_teachertopk,731889,sign_weight/inv_z,150,0.9864733333333333,0.0012842464284119664,0.983,0.993,0.984,0.987,0.9863599999999999
target_teachertopk,731889,sign_weight/mass_frac_agree_neg,150,0.02044,0.001957821919038263,0.013,0.024,0.023,0.022,0.0209
target_teachertopk,731889,sign_weight/mass_frac_agree_pos,150,0.06481333333333333,0.004433789450220759,0.038,0.074,0.073,0.065,0.06582
target_teachertopk,731889,sign_weight/mass_frac_conflict_on_neg,150,0.00392,0.00029484459183327976,0.002,0.004,0.004,0.004,0.004
target_teachertopk,731889,sign_weight/mass_frac_conflict_on_pos,150,0.03416,0.003386404189303653,0.017,0.043,0.034,0.034,0.03422
target_teachertopk,731889,sign_weight/mass_frac_neutral_off_task_silent,150,0.10841333333333333,0.010451913168836072,0.077,0.131,0.115,0.114,0.11148
target_teachertopk,731889,sign_weight/mass_frac_neutral_off_task_split,150,0.11910666666666667,0.00885599357622973,0.072,0.136,0.112,0.122,0.12211999999999999
target_teachertopk,731889,sign_weight/mass_frac_neutral_on_task_silent,150,0.6491333333333333,0.023798225890926318,0.606,0.782,0.639,0.639,0.64154
target_teachertopk,731889,sign_weight/mode_is_target,150,1.0,0.0,1.0,1.0,1.0,1.0,1.0
target_teachertopk,731889,sign_weight/n_candidates,150,9699539.866666667,2230570.811451331,5573220.0,23945780.0,9826780.0,10179680.0,9232454.8
target_teachertopk,731889,sign_weight/n_tokens,150,484976.99333333335,111528.54057256655,278661.0,1197289.0,491339.0,508984.0,461622.74
target_teachertopk,731889,sign_weight/search/frac_agree_neg,150,0.06027333333333334,0.005361463316007011,0.05,0.081,0.072,0.055,0.05928
target_teachertopk,731889,sign_weight/search/frac_agree_pos,150,0.20562,0.01407298594234121,0.186,0.296,0.296,0.203,0.20242000000000002
target_teachertopk,731889,sign_weight/search/frac_conflict_on_neg,150,0.35174,0.029195074927117416,0.24,0.417,0.258,0.393,0.35840000000000005
target_teachertopk,731889,sign_weight/search/frac_conflict_on_pos,150,0.03426666666666667,0.0043660304880087835,0.026,0.053,0.053,0.026,0.0336
target_teachertopk,731889,sign_weight/search/frac_neutral_off_task_silent,150,0.03999333333333333,0.0019916380751085834,0.035,0.05,0.047,0.039,0.03978
target_teachertopk,731889,sign_weight/search/frac_neutral_off_task_split,150,0.24609999999999999,0.020415598611519252,0.199,0.314,0.199,0.224,0.24484000000000003
target_teachertopk,731889,sign_weight/search/frac_neutral_on_task_silent,150,0.062073333333333335,0.001844258357413324,0.059,0.075,0.075,0.06,0.06172
target_teachertopk,731889,sign_weight/search/inv_z,150,0.9769,0.0014821156050277152,0.973,0.98,0.98,0.976,0.97686
target_teachertopk,731889,sign_weight/search/mass_frac_agree_neg,150,0.010166666666666666,0.0016058919293927873,0.008,0.021,0.021,0.012,0.01006
target_teachertopk,731889,sign_weight/search/mass_frac_agree_pos,150,0.08027333333333334,0.0046012993334008994,0.071,0.094,0.084,0.083,0.08036
target_teachertopk,731889,sign_weight/search/mass_frac_conflict_on_neg,150,0.002266666666666667,0.0005120763831912405,0.002,0.005,0.005,0.003,0.0022
target_teachertopk,731889,sign_weight/search/mass_frac_conflict_on_pos,150,0.06487333333333334,0.003559581748214561,0.053,0.073,0.055,0.068,0.06502
target_teachertopk,731889,sign_weight/search/mass_frac_neutral_off_task_silent,150,0.061946666666666664,0.003949323430102372,0.051,0.075,0.061,0.068,0.06184
target_teachertopk,731889,sign_weight/search/mass_frac_neutral_off_task_split,150,0.06253333333333334,0.003955867653105813,0.047,0.073,0.047,0.059,0.062240000000000004
target_teachertopk,731889,sign_weight/search/mass_frac_neutral_on_task_silent,150,0.7178533333333333,0.011283844892391766,0.686,0.745,0.728,0.708,0.71828
target_teachertopk,731889,sign_weight/search/n_candidates,150,380211.4666666667,59610.93583548426,170440.0,540860.0,170440.0,430900.0,387736.0
target_teachertopk,731889,sign_weight/search/n_tokens,150,19010.573333333334,2980.5467917742135,8522.0,27043.0,8522.0,21545.0,19386.8
target_teachertopk,731889,sign_weight/search/target_entropy_delta,150,-0.00282,0.00046288947564906535,-0.004,-0.002,-0.002,-0.004,-0.00288
target_teachertopk,731889,sign_weight/search/target_kl,150,0.003,0.00043204937989385736,0.002,0.006,0.006,0.003,0.00294
target_teachertopk,731889,sign_weight/search/target_kl_ratio,150,0.10705333333333333,0.03703508006681713,0.005,0.18,0.007,0.148,0.11503999999999999
target_teachertopk,731889,sign_weight/search/target_tv,150,0.007333333333333334,0.0009775252199076786,0.006,0.013,0.013,0.008,0.00726
target_teachertopk,731889,sign_weight/search/teacher_coverage,150,0.9999800000000001,0.00014000000000000012,0.999,1.0,0.999,1.0,1.0
target_teachertopk,731889,sign_weight/search/teacher_kl,150,0.06883333333333333,0.1631344401270178,0.017,1.003,0.846,0.023,0.02582
target_teachertopk,731889,sign_weight/target_entropy_delta,150,0.0017800000000000001,0.0011067670637190706,-0.002,0.005,0.005,0.002,0.0017000000000000001
target_teachertopk,731889,sign_weight/target_kl,150,0.005413333333333333,0.0006020705015933673,0.004,0.007,0.006,0.006,0.005520000000000001
target_teachertopk,731889,sign_weight/target_kl_ratio,150,0.4294866666666667,0.22470281815965035,0.011,0.761,0.011,0.748,0.64172
target_teachertopk,731889,sign_weight/target_tv,150,0.014006666666666667,0.0014306020488669177,0.009,0.017,0.017,0.015,0.014199999999999999
target_teachertopk,731889,sign_weight/teacher_coverage,150,0.99532,0.0014620533505997665,0.993,0.999,0.997,0.995,0.9948
target_teachertopk,731889,sign_weight/teacher_kl,150,0.052739999999999995,0.11470346870663212,0.008,0.593,0.593,0.008,0.00866
target_teachertopk,731889,sign_weight/webshop/frac_agree_neg,150,0.07051333333333333,0.009737718190395301,0.035,0.089,0.04,0.075,0.0721
target_teachertopk,731889,sign_weight/webshop/frac_agree_pos,150,0.15287333333333333,0.008150498280609736,0.134,0.19,0.186,0.151,0.1551
target_teachertopk,731889,sign_weight/webshop/frac_conflict_on_neg,150,0.020493333333333332,0.0022233508245189035,0.013,0.026,0.015,0.021,0.020739999999999998
target_teachertopk,731889,sign_weight/webshop/frac_conflict_on_pos,150,0.19060666666666667,0.014258516363524253,0.152,0.222,0.169,0.185,0.1929
target_teachertopk,731889,sign_weight/webshop/frac_neutral_off_task_silent,150,0.050513333333333334,0.0009503449666071536,0.049,0.054,0.054,0.05,0.050460000000000005
target_teachertopk,731889,sign_weight/webshop/frac_neutral_off_task_split,150,0.4652866666666667,0.014800151650874685,0.433,0.503,0.487,0.469,0.45904000000000006
target_teachertopk,731889,sign_weight/webshop/frac_neutral_on_task_silent,150,0.049760000000000006,0.0008056467381344411,0.048,0.052,0.048,0.049,0.04976
target_teachertopk,731889,sign_weight/webshop/inv_z,150,0.99274,0.0009551963149007651,0.991,0.996,0.996,0.992,0.9924200000000001
target_teachertopk,731889,sign_weight/webshop/mass_frac_agree_neg,150,0.02051333333333333,0.0008224894460653517,0.019,0.023,0.021,0.022,0.02054
target_teachertopk,731889,sign_weight/webshop/mass_frac_agree_pos,150,0.04801333333333333,0.002602528684867,0.037,0.052,0.039,0.051,0.049
target_teachertopk,731889,sign_weight/webshop/mass_frac_conflict_on_neg,150,0.007520000000000001,0.0005381449618829485,0.006,0.008,0.007,0.008,0.00762
target_teachertopk,731889,sign_weight/webshop/mass_frac_conflict_on_pos,150,0.05096,0.0025056735621385314,0.04,0.055,0.042,0.054,0.051419999999999993
target_teachertopk,731889,sign_weight/webshop/mass_frac_neutral_off_task_silent,150,0.07762666666666666,0.002639562253270208,0.07,0.084,0.076,0.082,0.07798
target_teachertopk,731889,sign_weight/webshop/mass_frac_neutral_off_task_split,150,0.09885333333333333,0.004386930083276406,0.08,0.106,0.083,0.106,0.09974
target_teachertopk,731889,sign_weight/webshop/mass_frac_neutral_on_task_silent,150,0.6965533333333332,0.010756416173098209,0.677,0.741,0.732,0.677,0.69384
target_teachertopk,731889,sign_weight/webshop/n_candidates,150,2145610.1333333333,265107.77492178953,1650780.0,3052300.0,2257960.0,2181180.0,2117520.0
target_teachertopk,731889,sign_weight/webshop/n_tokens,150,107280.50666666667,13255.388746089477,82539.0,152615.0,112898.0,109059.0,105876.0
target_teachertopk,731889,sign_weight/webshop/target_entropy_delta,150,-0.006486666666666667,0.0009780024994287535,-0.008,-0.002,-0.002,-0.007,-0.00668
target_teachertopk,731889,sign_weight/webshop/target_kl,150,0.005026666666666666,0.00016110727964792763,0.005,0.006,0.005,0.005,0.00506
target_teachertopk,731889,sign_weight/webshop/target_kl_ratio,150,0.4671933333333333,0.21258757243911403,0.019,0.797,0.02,0.733,0.6660200000000001
target_teachertopk,731889,sign_weight/webshop/target_tv,150,0.012153333333333334,0.0005258221076456264,0.011,0.013,0.012,0.013,0.012159999999999999
target_teachertopk,731889,sign_weight/webshop/teacher_coverage,150,0.9990133333333333,0.00011469767022723512,0.999,1.0,0.999,0.999,0.99902
target_teachertopk,731889,sign_weight/webshop/teacher_kl,150,0.026126666666666666,0.04808981828019547,0.006,0.26,0.26,0.007,0.00762
target_teachertopk,731889,task_loss/padding_rows,150,9.426666666666666,5.530939241113474,0.0,19.0,16.0,4.0,9.14
target_teachertopk,731889,task_loss/rows/alfworld,150,3336.08,796.7978624469321,1987.0,5905.0,5853.0,3196.0,3108.92
target_teachertopk,731889,task_loss/rows/search,150,289.85333333333335,16.746496814425264,225.0,329.0,225.0,308.0,291.44
target_teachertopk,731889,task_loss/rows/webshop,150,918.7733333333333,82.55367116138581,739.0,1160.0,1006.0,972.0,914.5
target_teachertopk,731889,task_loss/token_share/alfworld,150,0.7275466666666667,0.052324192832336705,0.587,0.887,0.751,0.729,0.7206199999999999
target_teachertopk,731889,task_loss/token_share/search,150,0.04115333333333333,0.00943591484112107,0.019,0.068,0.019,0.045,0.0434
target_teachertopk,731889,task_loss/token_share/webshop,150,0.23124666666666666,0.045638132691375045,0.092,0.352,0.231,0.226,0.23594
target_teachertopk,731889,teacher_cache/gb,150,11.962433333333333,2.7563157061959034,6.787,29.511,12.231,12.428,11.37078
target_teachertopk,731889,teacher_cache/rows,150,13662.4,2455.161550692744,9240.0,21540.0,21300.0,13440.0,12972.0
target_teachertopk,731889,teacher_cache/witness_max_err,150,0.22333333333333333,0.05120763831912405,0.125,0.25,0.25,0.25,0.2225
target_teachertopk,731889,teacher_prefetch/hit_rate,150,0.9897933333333333,0.010439857385147662,0.887,0.997,0.887,0.99,0.99158
target_teachertopk,731889,teacher_prefetch/rows,150,4502.6,772.983751446303,3070.0,6824.0,6296.0,4437.0,4287.1
target_teachertopk,731889,timing_per_token_ms/gen,150,0.27413333333333334,0.03931592835254208,0.152,0.418,0.307,0.253,0.28026
target_teachertopk,731889,timing_per_token_ms/update_actor,150,0.05412666666666666,0.0010411318627126717,0.051,0.058,0.057,0.054,0.0541
target_teachertopk,731889,timing_s/gen,150,258.2912733333333,27.181001264583482,212.549,363.539,303.398,254.45,253.8657
target_teachertopk,731889,timing_s/reward,150,0.6002333333333333,0.11996401775347287,0.34,1.129,1.049,0.652,0.5717
target_teachertopk,731889,timing_s/save_checkpoint,6,23.105166666666666,0.503093900004981,22.274,23.726,,23.66,23.692999999999998
target_teachertopk,731889,timing_s/sign_weight_forward,150,146.6687466666667,23.33750283590389,100.712,226.957,206.397,145.28,139.96656
target_teachertopk,731889,timing_s/step,150,617.8295066666667,75.67083058517302,463.315,913.849,800.86,632.713,597.63994
target_teachertopk,731889,timing_s/teacher_forward,150,1.3589933333333333,0.8685681665566357,0.654,9.691,9.691,1.435,1.21898
target_teachertopk,731889,timing_s/update_actor,150,208.87476,31.525334200011265,148.399,317.955,276.919,206.059,200.2759
target_teachertopk,731889,timing_s/update_actor_worker,150,205.60394,30.971542520240522,146.715,313.727,271.273,202.459,197.18099999999998
target_teachertopk,731889,training/epoch,150,0.0,0.0,0.0,0.0,0.0,0.0,0.0
target_teachertopk,731889,training/global_step,150,75.5,43.300307928081374,1.0,150.0,1.0,150.0,125.5
